"Factor","GroupingCategory","Filename","GroupValue","<-100","-100 to -10","-10 to -1","-1 to 0","0 to 1",">1","b","S_d","p_b","S_b","alpha","eps_an","criteria","pretty_names","Variable","source","pi4","pi0","pi04","GroupingVariable","SD","FactorMean","NumGenes","dS","dN","MutationRate","Ne"
"DensityGeneWindowpolcounts1","DensityGeneWindowpolcounts","DensityGeneWindowpolcounts1_22.1330275229358_PolyDFE.output","22.1330275229358","0.457207280066976","0.235101070174731","0.134987136223393","0.1725788522349","0.000107492842229551","1.81684577704733e-05","0.25144061435","-402.59296847","0.0001256613","0.51708896521","0.000909","0.00744764733","0.00022","Gene density per 100kb","22.1330275229358","PolyDFE.input","0.00730678245461116","0.00191081392259322","0.26151235984689","DensityGeneWindowpolcounts","1.95952398844967","22.1330275229358","436","0.186854616325581","0.0351829861085271","3.01378413428356e-08","60611.3620704633"
"DensityGeneWindowpolcounts10","DensityGeneWindowpolcounts","DensityGeneWindowpolcounts10_32.9045045045045_PolyDFE.output","32.9045045045045","0.471007259057044","0.238620521820416","0.132709310388109","0.157603213694431","5.64328736614161e-05","3.26216633861343e-06","0.26583690891","-406.44632774","5.969504e-05","0.34401411866","0.000431","0.0015104142","9e-05","Gene density per 100kb","32.9045045045045","PolyDFE.input","0.00673605391876627","0.00163738472041014","0.243077733663692","DensityGeneWindowpolcounts","0.296868715980281","32.9025270758123","554","0.161248184474684","0.0302064059493671","2.60077716894652e-08","64750.394605075"
"DensityGeneWindowpolcounts11","DensityGeneWindowpolcounts","DensityGeneWindowpolcounts11_33.7449392712551_PolyDFE.output","33.7449392712551","0.399765355447936","0.295116163877897","0.154204152269404","0.150872679334762","3.83309007709887e-05","3.31816922904959e-06","0.30715902488","-206.81505074","4.164907e-05","0.39527787678","0.000318","0.01398601064","1e-04","Gene density per 100kb","33.7449392712551","PolyDFE.input","0.00759239192437888","0.00184473235395858","0.242971170657723","DensityGeneWindowpolcounts","0.438589866721754","33.7408906882591","494","0.1604293726337","0.0283961278974359","2.58757052635e-08","73354.4443239643"
"DensityGeneWindowpolcounts12","DensityGeneWindowpolcounts","DensityGeneWindowpolcounts12_34_PolyDFE.output","34","0.491646991632786","0.246919845609654","0.128783665789225","0.132608176058335","3.87312828329378e-05","2.58962716703781e-06","0.29538452656","-396.66459842","4.132091e-05","0.36102976121","0.000354","4.085796e-05","9e-05","Gene density per 100kb","34","PolyDFE.input","0.00619761576648578","0.00131576058883224","0.212301091001372","DensityGeneWindowpolcounts","0","34","571","0.155171746759644","0.0279019869376855","2.50277010902652e-08","61907.5613870147"
"DensityGeneWindowpolcounts13","DensityGeneWindowpolcounts","DensityGeneWindowpolcounts13_34.9933884297521_PolyDFE.output","34.9933884297521","0.415084575755263","0.250766092918388","0.145693905481347","0.187921069755002","0.000311908807282268","0.000222447282717697","0.24992739113","-296.66803066","0.00053435609","1.14106754468","0.004767","0.00011791637","0.00103","Gene density per 100kb","34.9933884297521","PolyDFE.input","0.00592897990773899","0.00163286124913054","0.275403404049185","DensityGeneWindowpolcounts","0.0907566992318062","34.9917081260365","603","0.155590065427746","0.0296981777369942","2.50951718431848e-08","59064.946285167"
"DensityGeneWindowpolcounts14","DensityGeneWindowpolcounts","DensityGeneWindowpolcounts14_35.6738410596027_PolyDFE.output","35.6738410596027","0.457806586752385","0.219944282782972","0.132073918590567","0.190057713884076","0.000108404411350849","9.09357864919969e-06","0.22949802012","-477.73503211","0.00011749799","0.39080014173","0.000728","0.00678659073","0.00021","Gene density per 100kb","35.6738410596027","PolyDFE.input","0.0057343706532942","0.001613470956179","0.28136844541992","DensityGeneWindowpolcounts","0.471403217854143","35.6677740863787","602","0.15127296326","0.0265439216514286","2.43988650419355e-08","58756.5307181119"
"DensityGeneWindowpolcounts15","DensityGeneWindowpolcounts","DensityGeneWindowpolcounts15_36.4498069498069_PolyDFE.output","36.4498069498069","0.444269471112371","0.240735019382624","0.138419444590341","0.176526182754664","4.89347884381486e-05","9.47371561865751e-07","0.25197118023","-363.38569098","4.988216e-05","0.25228778793","0.000308","4.039408e-05","0.00089","Gene density per 100kb","36.4498069498069","PolyDFE.input","0.00681618465063696","0.00188066871623697","0.275912231347961","DensityGeneWindowpolcounts","0.497138693017207","36.4423076923077","520","0.160504832851974","0.0307068173157895","2.58878762664474e-08","65824.1002514296"
"DensityGeneWindowpolcounts16","DensityGeneWindowpolcounts","DensityGeneWindowpolcounts16_37.2112903225806_PolyDFE.output","37.2112903225806","0.473642420336268","0.224263612749252","0.130087022559288","0.171923031635192","7.78430087455817e-05","6.06971125438616e-06","0.24507982704","-479.93640626","8.391272e-05","0.3807397213","0.00057","5.817446e-05","0.00028","Gene density per 100kb","37.2112903225806","PolyDFE.input","0.00544759372897053","0.00139033994481721","0.255220931293633","DensityGeneWindowpolcounts","0.407829825513125","37.2102728731942","623","0.156876627171875","0.0313272843974026","2.53026818019153e-08","53824.2721820713"
"DensityGeneWindowpolcounts17","DensityGeneWindowpolcounts","DensityGeneWindowpolcounts17_38.3550600343053_PolyDFE.output","38.3550600343053","0.454339541831964","0.235275444466558","0.135567327170213","0.174678913281265","0.000101998895000732","3.67743549992694e-05","0.24995653467","-397.83080106","0.00013877325","0.75298903954","0.001115","0.0033504649","1e-04","Gene density per 100kb","38.3550600343053","PolyDFE.input","0.00605055889939811","0.00154063362918533","0.254626664214209","DensityGeneWindowpolcounts","0.47757187257481","38.3506044905009","579","0.157166602343662","0.0315298294450704","2.53494519909132e-08","59671.4960698854"
"DensityGeneWindowpolcounts18","DensityGeneWindowpolcounts","DensityGeneWindowpolcounts18_39.5714285714286_PolyDFE.output","39.5714285714286","0.506342517367658","0.206114631521115","0.120919366221268","0.166375375529959","0.000166610024390335","8.14993356096361e-05","0.23750256783","-674.54304724","0.00024810936","0.89825085975","0.00225","0.01876496327","0.00055","Gene density per 100kb","39.5714285714286","PolyDFE.input","0.00609888703462376","0.00145192572986997","0.238064047034696","DensityGeneWindowpolcounts","0.496145036578261","39.5652920962199","582","0.153790339135057","0.0299099277183908","2.48048934088802e-08","61468.5874082446"
"DensityGeneWindowpolcounts19","DensityGeneWindowpolcounts","DensityGeneWindowpolcounts19_41.3556212121212_PolyDFE.output","41.3556212121212","0.453841798179651","0.233544956675362","0.13539348730496","0.177184057010027","3.47531841156101e-05","9.47645884430415e-07","0.24700551651","-404.34930041","3.570083e-05","0.27556192889","0.000223","0.00013736265","9e-05","Gene density per 100kb","41.3556212121212","PolyDFE.input","0.0060535421521779","0.00154809165274093","0.255733191216644","DensityGeneWindowpolcounts","0.609079672828109","41.3344140030441","657","0.15564681292176","0.0301332924156479","2.51043246648e-08","60283.857791501"
"DensityGeneWindowpolcounts2","DensityGeneWindowpolcounts","DensityGeneWindowpolcounts2_25.3386363636364_PolyDFE.output","25.3386363636364","0.450368426905014","0.273425057978496","0.140187307278065","0.135894991638425","9.64831844175729e-05","2.7733015582454e-05","0.30884392051","-281.80061615","0.0001242162","0.66693344269","0.001206","0.01628942058","0.00032","Gene density per 100kb","25.3386363636364","PolyDFE.input","0.00743011119655477","0.00168373314830756","0.226609414552004","DensityGeneWindowpolcounts","0.58559624778278","25.3386363636364","440","0.164278631027778","0.0287620129722222","2.64965533915771e-08","70104.5064875938"
"DensityGeneWindowpolcounts20","DensityGeneWindowpolcounts","DensityGeneWindowpolcounts20_46.0833333333333_PolyDFE.output","46.0833333333333","0.441427972114971","0.251222082857895","0.140488773790642","0.166701865156492","0.00012260626492322","3.66998150768127e-05","0.26613565384","-326.74591707","0.00015930608","0.68117307984","0.001288","0.01026818149","0.00027","Gene density per 100kb","46.0833333333333","PolyDFE.input","0.00607073512335636","0.00153042326418977","0.252098507526983","DensityGeneWindowpolcounts","5.5390540226044","46.0555555555556","666","0.159640944401639","0.0304588316038251","2.57485394196192e-08","58942.5192670418"
"DensityGeneWindowpolcounts3","DensityGeneWindowpolcounts","DensityGeneWindowpolcounts3_27.0627906976744_PolyDFE.output","27.0627906976744","0.40945589250655","0.288671573535989","0.15137249969771","0.15046520569975","3.31544279967844e-05","1.67413200324873e-06","0.3035773436","-222.30202096","3.482856e-05","0.32947377692","0.000258","0.00095135296","8e-05","Gene density per 100kb","27.0627906976744","PolyDFE.input","0.00800962235361434","0.00201127490756211","0.251107333001103","DensityGeneWindowpolcounts","0.48439248593519","27.0606060606061","429","0.167801789223529","0.0304647089843137","2.70648047134724e-08","73985.5916051307"
"DensityGeneWindowpolcounts4","DensityGeneWindowpolcounts","DensityGeneWindowpolcounts4_28_PolyDFE.output","28","0.462076714363094","0.2362254669912","0.134213719430086","0.16742653861562","5.41971922124462e-05","3.36340778750444e-06","0.2561689777","-404.66096735","5.75606e-05","0.35212710541","0.000394","0.00444629938","1e-04","Gene density per 100kb","28","PolyDFE.input","0.00712547760086855","0.00177510296032372","0.249120558614534","DensityGeneWindowpolcounts","0","28","494","0.163628456724359","0.0284596030224359","2.6391686568445e-08","67497.3687489536"
"DensityGeneWindowpolcounts5","DensityGeneWindowpolcounts","DensityGeneWindowpolcounts5_28.916820702403_PolyDFE.output","28.916820702403","0.452929276068118","0.253324309264291","0.138242636846367","0.155395309121225","9.53953657056861e-05","1.30733342943445e-05","0.27707733585","-333.68400625","0.0001084687","0.47261502057","0.000845","0.00261188337","0.00061","Gene density per 100kb","28.916820702403","PolyDFE.input","0.00659466951466244","0.00160038290413798","0.242678257125657","DensityGeneWindowpolcounts","0.278946860757475","28.9151291512915","542","0.165797023412541","0.0318929596732673","2.67414553891195e-08","61652.1185805173"
"DensityGeneWindowpolcounts6","DensityGeneWindowpolcounts","DensityGeneWindowpolcounts6_29.9305019305019_PolyDFE.output","29.9305019305019","0.424104808100198","0.257526416966097","0.144990175340689","0.173278630013015","8.90557126637104e-05","1.09138673363152e-05","0.26479249118","-290.95393691","9.996958e-05","0.45150156921","0.000694","6.028049e-05","0.00068","Gene density per 100kb","29.9305019305019","PolyDFE.input","0.00684402111011435","0.00180690388643541","0.264012027047243","DensityGeneWindowpolcounts","0.25454502779695","29.9305019305019","518","0.164508473144928","0.0298573047934783","2.65336247007948e-08","64484.4154096042"
"DensityGeneWindowpolcounts7","DensityGeneWindowpolcounts","DensityGeneWindowpolcounts7_30.7939393939394_PolyDFE.output","30.7939393939394","0.389144241472265","0.293225178740869","0.156784439683156","0.16075075926371","7.88789753827235e-05","1.65018646173243e-05","0.29695875828","-200.79866799","9.538084e-05","0.56999403062","0.000749","0.00825508192","9e-05","Gene density per 100kb","30.7939393939394","PolyDFE.input","0.00708736520309852","0.00180258602597734","0.254337962602699","DensityGeneWindowpolcounts","0.405797242862538","30.7926829268293","492","0.165326250210317","0.0341086524087302","2.66655242274705e-08","66446.8954617176"
"DensityGeneWindowpolcounts8","DensityGeneWindowpolcounts","DensityGeneWindowpolcounts8_31.4867617107943_PolyDFE.output","31.4867617107943","0.421604404474785","0.298348381212969","0.148319377864573","0.131552756677673","0.000119329154252279","5.57506157476961e-05","0.32931193098","-218.98855424","0.00017507977","0.87385604544","0.001925","0.01402927089","0.00071","Gene density per 100kb","31.4867617107943","PolyDFE.input","0.00708925220342944","0.0015883444093887","0.224049640753412","DensityGeneWindowpolcounts","0.500210216532306","31.4827586206897","493","0.155018220201439","0.0274137215359712","2.50029387421676e-08","70884.1896200124"
"DensityGeneWindowpolcounts9","DensityGeneWindowpolcounts","DensityGeneWindowpolcounts9_32_PolyDFE.output","32","0.438375981069384","0.20770388706521","0.132054759373838","0.221686934541568","0.000160057124879986","1.83808251200679e-05","0.20320657937","-514.66140826","0.00017843795","0.43996019154","0.000979","0.00032250551","0.00077","Gene density per 100kb","32","PolyDFE.input","0.00567093326219377","0.00179276018434502","0.316131419901687","DensityGeneWindowpolcounts","0","32","546","0.151213172983165","0.0298825653097643","2.43892214488976e-08","58129.5027608405"
"fpkmpolcounts1","fpkmpolcounts","fpkmpolcounts1_564.553186829096_PolyDFE.output","564.553186829096","0.0577278381653861","0.410352002098758","0.296871412301962","0.234819174923894","0.000222108020310308","7.46448968969027e-06","0.37004250309","-25.208234421","0.00022957251","0.29188031073","0.001046","0.00857011517","8e-05","Expression level","564.553186829096","PolyDFE.input","0.00673352767377393","0.00272945657584349","0.40535313851524","fpkmpolcounts","175.940321269584","564.553186829096","649","0.186063250978992","0.058793107092437","3.00102017708052e-08","56093.6554608949"
"fpkmpolcounts10","fpkmpolcounts","fpkmpolcounts10_232630.121301488_PolyDFE.output","232630.121301488","0.498636540178363","0.208001354951102","0.122591138880174","0.170314813220361","0.000243814549775845","0.000212338220224151","0.23574961382","-641.4822932","0.00045615277","1.30779233472","0.004848","0.00348383661","6e-04","Expression level","232630.121301488","PolyDFE.input","0.00590615975979214","0.00143347301436193","0.242708133992701","fpkmpolcounts","19699.8268346561","232824.712772563","522","0.158434598903509","0.0319449335847953","2.55539675650821e-08","57781.2402785403"
"fpkmpolcounts11","fpkmpolcounts","fpkmpolcounts11_301124.578454271_PolyDFE.output","301124.578454271","0.483511347626029","0.234584545603644","0.129601390572386","0.152252704467941","4.84090310096663e-05","1.60269899029952e-06","0.26796123909","-440.49132556","5.001173e-05","0.29064964111","0.000364","2.49068e-05","9e-05","Expression level","301124.578454271","PolyDFE.input","0.00587442062854632","0.00142410420152904","0.24242462220167","fpkmpolcounts","20120.1061240376","301453.279097485","529","0.151333729541667","0.0274553451666667","2.44086660551076e-08","60167.3665337098"
"fpkmpolcounts12","fpkmpolcounts","fpkmpolcounts12_368454.159216744_PolyDFE.output","368454.159216744","0.49366797341482","0.244556134292927","0.128166283357821","0.133550447414433","5.31819677268563e-05","5.97955227310543e-06","0.29282040504","-408.17093479","5.916152e-05","0.43631433073","0.000524","0.01002777126","1e-04","Expression level","368454.159216744","PolyDFE.input","0.00590131265753182","0.00127091695041011","0.215361738000451","fpkmpolcounts","19543.9180762834","368656.548520459","501","0.151184199770588","0.0258373948705882","2.43845483500948e-08","60502.5831605045"
"fpkmpolcounts13","fpkmpolcounts","fpkmpolcounts13_444765.639958674_PolyDFE.output","444765.639958674","0.551376173793939","0.188263979818003","0.109777566974232","0.150399138243826","0.000156422816813384","2.67183531865722e-05","0.23820016143","-1010.8793537","0.00018314117","0.51950573597","0.001527","0.00637123357","0.00012","Expression level","444765.639958674","PolyDFE.input","0.00551349296989366","0.00123921153668678","0.224759792649319","fpkmpolcounts","25560.5139285779","444932.287499524","511","0.152699453324405","0.0259036001815476","2.46289440845814e-08","55965.5841411538"
"fpkmpolcounts14","fpkmpolcounts","fpkmpolcounts14_552808.939348135_PolyDFE.output","552808.939348135","0.494237206629627","0.238367166994433","0.127608945811686","0.139707667224254","7.15855911994634e-05","7.42774880058139e-06","0.2823627375","-435.73691713","7.901334e-05","0.42294137665","0.000666","0.0096646467","0.00031","Expression level","552808.939348135","PolyDFE.input","0.00545657172993671","0.00120846256659259","0.221469198317788","fpkmpolcounts","36684.5276772136","553162.44209894","566","0.154959648443243","0.0253480917864865","2.4993491684394e-08","54579.9262347945"
"fpkmpolcounts15","fpkmpolcounts","fpkmpolcounts15_687737.459218445_PolyDFE.output","687737.459218445","0.576246815213387","0.174539379816452","0.102993886768757","0.146075985551405","0.000125997366397734","1.79352836022773e-05","0.23186479474","-1392.9332465","0.00014393265","0.48017465492","0.001213","0.00066527459","0.00031","Expression level","687737.459218445","PolyDFE.input","0.00553043941518878","0.0011756620332635","0.212580221028128","fpkmpolcounts","46611.5459131528","688128.990564986","567","0.156253312964865","0.0255643373","2.52021472523976e-08","54860.7957865837"
"fpkmpolcounts16","fpkmpolcounts","fpkmpolcounts16_868651.985153683_PolyDFE.output","868651.985153683","0.596359744587437","0.175121519557445","0.0994980650006217","0.128944741034496","7.47154562540375e-05","1.21436374600492e-06","0.24851195007","-1399.5531563","7.592982e-05","0.24180351265","0.000639","0.00027195595","1e-04","Expression level","868651.985153683","PolyDFE.input","0.00606488930979435","0.00118357733963116","0.195152339832446","fpkmpolcounts","58453.1152537016","869605.134352458","573","0.153979465216438","0.0228666327369863","2.48353976155545e-08","61050.8577683883"
"fpkmpolcounts17","fpkmpolcounts","fpkmpolcounts17_1120703.3763524_PolyDFE.output","1120703.3763524","0.582877363692448","0.211771169684974","0.105043985635781","0.100084791666798","0.000184183043340114","3.85062766599109e-05","0.31206767234","-708.46280011","0.00022268932","0.56981473949","0.002788","0.00530176514","0.001","Expression level","1120703.3763524","PolyDFE.input","0.00695122526245718","0.00113401196765124","0.163138428814257","fpkmpolcounts","83391.0041080032","1122406.98782391","516","0.153703624369637","0.0230289005016502","2.47909071563931e-08","70098.5367195872"
"fpkmpolcounts18","fpkmpolcounts","fpkmpolcounts18_1528364.55783578_PolyDFE.output","1528364.55783578","0.605749905356351","0.175984141183093","0.0977950512817963","0.12042790268876","4.29707646829591e-05","2.87253170139223e-08","0.25832377478","-1377.0919619","4.299949e-05","0.13677711347","0.000366","1.360668e-05","7e-05","Expression level","1528364.55783578","PolyDFE.input","0.00702869949266915","0.00130005477625092","0.184963772829791","fpkmpolcounts","157956.192224105","1529387.69116911","540","0.15325068770625","0.022097871521875","2.47178528558468e-08","71089.3006530559"
"fpkmpolcounts19","fpkmpolcounts","fpkmpolcounts19_2453704.9365376_PolyDFE.output","2453704.9365376","0.65124984042655","0.166425810137527","0.0872741863484816","0.0949659160674412","7.86791863689462e-05","5.56783363103719e-06","0.28322228029","-1671.9257166","8.424702e-05","0.36808725402","0.001016","0.01295471968","8e-05","Expression level","2453704.9365376","PolyDFE.input","0.0072236955071281","0.00108287332655545","0.149905726990694","fpkmpolcounts","421733.851182855","2457958.17746725","581","0.157762144759259","0.022604968404321","2.54455072192353e-08","70972.2097980759"
"fpkmpolcounts2","fpkmpolcounts","fpkmpolcounts2_1403.58228993056_PolyDFE.output","1403.58228993056","0.169040601939909","0.374000910462475","0.228785394797836","0.22788709508978","0.000268148953159963","1.78487568400776e-05","0.30706636751","-53.857644996","0.00028599771","0.36048377665","0.001421","6.82098e-05","0.00025","Expression level","1403.58228993056","PolyDFE.input","0.00706562229426333","0.00256986145639919","0.363713392730559","fpkmpolcounts","392.478258202507","1403.58228993056","612","0.184390274847826","0.0485909903369565","2.97403669109397e-08","59394.2091856332"
"fpkmpolcounts20","fpkmpolcounts","fpkmpolcounts20_11595177.9655843_PolyDFE.output","11595177.9655843","0.678527708629724","0.162944160506255","0.0805776412882652","0.0777838292857562","0.000154368342071276","1.22919479287331e-05","0.30892646155","-1713.5798128","0.00016666029","0.38358072857","0.002447","0.00018175485","0.00048","Expression level","11595177.9655843","PolyDFE.input","0.00866213576914894","0.00111423944497008","0.128633338782169","fpkmpolcounts","21276737.5168947","11897182.7537792","558","0.162707736032895","0.019901858375","2.62431832311121e-08","82517.9599294924"
"fpkmpolcounts3","fpkmpolcounts","fpkmpolcounts3_3627.46511673825_PolyDFE.output","3627.46511673825","0.214735807689133","0.390139438955927","0.214221362635197","0.180821281569743","7.15090905395455e-05","1.06000594604083e-05","0.34437341742","-68.647686331","8.210915e-05","0.48847448146","0.000541","0.00803879357","9e-05","Expression level","3627.46511673825","PolyDFE.input","0.00721178610308599","0.00221801597595015","0.307554320697481","fpkmpolcounts","992.527551229547","3627.46511673825","548","0.168222661512","0.038574313332","2.71326873406452e-08","66449.2426841427"
"fpkmpolcounts4","fpkmpolcounts","fpkmpolcounts4_9693.84219559246_PolyDFE.output","9693.84219559246","0.307035315418866","0.295058597630375","0.176035320173863","0.221840319896896","3.04068766128207e-05","4.00033871583716e-08","0.25517678048","-137.45063398","3.044688e-05","0.15072101901","0.000142","0.00825808263","9e-05","Expression level","9693.84219559246","PolyDFE.input","0.00682285018192698","0.0022853570204109","0.334956353939087","fpkmpolcounts","2698.20492531493","9693.84219559246","542","0.170277695972763","0.0392159332879377","2.7464144511736e-08","62106.8879372106"
"fpkmpolcounts5","fpkmpolcounts","fpkmpolcounts5_21910.610607979_PolyDFE.output","21910.610607979","0.351673978605186","0.263207818616298","0.160251962567968","0.224704483810547","0.00013875351819137","2.30028818086758e-05","0.23465553875","-203.25055073","0.0001617564","0.51269641512","0.000901","0.01358087851","1e-04","Expression level","21910.610607979","PolyDFE.input","0.00747460313728914","0.0023995448574485","0.321026389411593","fpkmpolcounts","4328.64816055819","21910.610607979","488","0.164820546367491","0.0364919811696113","2.65839590915308e-08","70292.4187435124"
"fpkmpolcounts6","fpkmpolcounts","fpkmpolcounts6_40066.9898378811_PolyDFE.output","40066.9898378811","0.431934666715378","0.239268102539594","0.140506958501365","0.188192225313662","8.44435692824996e-05","1.36033607175401e-05","0.24272319656","-351.63541103","9.804693e-05","0.50629595018","0.000649","0.01799494814","5e-04","Expression level","40066.9898378811","PolyDFE.input","0.00691499133063801","0.00192057082405615","0.277740163685636","fpkmpolcounts","6666.37067753139","40118.7527099293","483","0.166317700420495","0.0337067552887324","2.68254355516927e-08","64444.3527982313"
"fpkmpolcounts7","fpkmpolcounts","fpkmpolcounts7_69803.3893388143_PolyDFE.output","69803.3893388143","0.374752468888965","0.287000571229545","0.159656979427936","0.178562574853554","2.6586894902092e-05","8.18705097938022e-07","0.27861503224","-196.11513767","2.74056e-05","0.28483709263","0.000169","0.00014276621","1e-04","Expression level","69803.3893388143","PolyDFE.input","0.00689042589726638","0.00190194420963652","0.276027090051294","fpkmpolcounts","10880.3709128072","69899.0527729319","503","0.158807781819444","0.03130145875","2.56141583579748e-08","67252.1208872854"
"fpkmpolcounts8","fpkmpolcounts","fpkmpolcounts8_111739.875090759_PolyDFE.output","111739.875090759","0.364510874655329","0.283277660972336","0.16145673604048","0.190656993231855","8.70524825498098e-05","1.06826174501862e-05","0.2675795523","-191.58048701","9.77351e-05","0.45174405119","0.000616","0.01122445165","1e-04","Expression level","111739.875090759","PolyDFE.input","0.00676736828405811","0.00196512723419201","0.290382782746029","fpkmpolcounts","12894.072731605","111784.616359226","490","0.161450948675241","0.0293981208488746","2.60404755927808e-08","64969.7070618616"
"fpkmpolcounts9","fpkmpolcounts","fpkmpolcounts9_165160.494261005_PolyDFE.output","165160.494261005","0.416842792045037","0.246327977779955","0.144567196245161","0.191749827969848","0.000313272182192459","0.000198933777807553","0.24461857733","-310.27679507","0.00051220596","1.05735649859","0.004321","0.00217332291","0.00735","Expression level","165160.494261005","PolyDFE.input","0.00594300889161704","0.00169564621545557","0.285317798842161","fpkmpolcounts","18472.0920811989","165160.494261005","549","0.151775253849711","0.0303527635346821","2.44798796531792e-08","60692.7911392451"
"GOterms1","GOterms","GOterms1_GO.0006355_PolyDFE.output","121123","0.329264209511796","0.343940532621605","0.175504841255024","0.151244166721575","4.21269594264029e-05","4.12293057361346e-06","0.33712259992","-127.82833847","4.624989e-05","0.413651343","0.000352","0.01322710359","9e-05","GO group size","40387","PolyDFE.input","0.00495995302956695","0.00131594884875602","0.265314780384305","GOterms","0","0","199","0.15365542153125","0.0295109271875","2.47831325050403e-08","50033.5563770864"
"GOterms10","GOterms","GOterms10_GO.0007165_PolyDFE.output","135084","0.0351886225951037","0.383748602326605","0.316415725027458","0.264245555660834","0.000364614529047902","3.68798609521326e-05","0.36023807555","-19.725792524","0.00040149439","0.41884326733","0.001742","0.00783171494","0.00062","GO group size","37947","PolyDFE.input","0.00589387412179743","0.00269352184495898","0.457003626018662","GOterms","0","0","126","0.152312343372093","0.0360531319767442","2.45665069954989e-08","59978.7560648866"
"GOterms11","GOterms","GOterms11_GO.0016757_PolyDFE.output","30278","0.603263753168257","0.191316604682783","0.0995963851812195","0.10577793493774","4.48158343451244e-05","5.06195654836894e-07","0.28840182847","-1005.6730163","4.532203e-05","0.22248795974","0.000455","3.485861e-05","9e-05","GO group size","1184030","PolyDFE.input","0.00675548046710011","0.00113258876638931","0.167654805887625","GOterms","0","0","143","0.155323998940476","0.0178620999047619","2.50522578936252e-08","67413.8883587327"
"GOterms12","GOterms","GOterms12_GO.0004672_PolyDFE.output","56094","0.522237747802995","0.20097066288172","0.117202086469167","0.159523847526118","6.14271454165705e-05","4.22817458345381e-06","0.23946149183","-761.72178687","6.565532e-05","0.36461109852","0.000477","0.00452707071","6e-05","GO group size","101062","PolyDFE.input","0.00561322625310558","0.00135811861211259","0.241949736367958","GOterms","0","0","131","0.155731083320513","0.0238984885384615","2.51179166645989e-08","55868.7482729892"
"GOterms13","GOterms","GOterms13_GO.0009793_PolyDFE.output","1119","0.551621653882255","0.186002893755385","0.109306628851426","0.152739437730934","0.000254015427295751","7.53703527042182e-05","0.23459147904","-1055.3469123","0.00032938578","0.67805084659","0.002925","0.00861775837","0.00036","GO group size","179616","PolyDFE.input","0.00525250200842047","0.00119115216828184","0.226778050988321","GOterms","0","0","159","0.147453719287129","0.0218459198811881","2.37828579495369e-08","55213.1078986109"
"GOterms14","GOterms","GOterms14_GO.0009737_PolyDFE.output","2813","0.560614289274854","0.216700989414118","0.110682034957544","0.111569360903484","0.000283834443557951","0.000149491006442015","0.29971716914","-646.32694006","0.00043332545","0.939626349","0.005835","0.01669173504","9e-05","GO group size","1181057","PolyDFE.input","0.00765532103501505","0.00136901870290065","0.178832304568134","GOterms","0","0","177","0.162356938230088","0.0257168509292035","2.61866029403368e-08","73084.3272460429"
"GOterms15","GOterms","GOterms15_GO.0016567_PolyDFE.output","22191","0.526057820908309","0.205141412823377","0.117144383857978","0.151412534210336","0.000200879681007016","4.29685189929918e-05","0.24914400078","-720.25597339","0.0002438482","0.57601092947","0.002069","0.00011232899","0.00021","GO group size","63685","PolyDFE.input","0.00615091905836827","0.00138997631740916","0.22597863899999","GOterms","0","0","221","0.158718093586207","0.031515465137931","2.55996925139044e-08","60068.2904201625"
"GOterms16","GOterms","GOterms16_GO.0003677_PolyDFE.output","101896","0.451236167937353","0.266929094807747","0.139656546688724","0.141918759556176","0.000214654438016049","4.47765719839843e-05","0.29845677366","-296.71773744","0.00025943101","0.56921489341","0.002303","0.00813470295","1e-04","GO group size","52937","PolyDFE.input","0.00532241170827571","0.00125506312364763","0.235807222822721","GOterms","0","0","240","0.15735926071345","0.0333818476374269","2.53805259215242e-08","52426.1369202164"
"GOterms2","GOterms","GOterms2_GO.0000976_PolyDFE.output","52937","0.465123864110545","0.246323877344815","0.134816191414511","0.153559918610128","0.000167381065549699","8.76745445033134e-06","0.27430460839","-369.81064603","0.00017614852","0.33330211458","0.001294","0.01409188931","7e-05","GO group size","101896","PolyDFE.input","0.00598663565014009","0.0014773263748809","0.246770717514157","GOterms","0","0","249","0.15713256730622","0.0295555549521531","2.53439624687452e-08","59053.8639875569"
"GOterms3","GOterms","GOterms3_GO.0003700_PolyDFE.output","63685","0.36937542117199","0.330429244253268","0.163356042857629","0.136764668267113","6.69399697368345e-05","7.68348026314314e-06","0.34350373457","-156.74613473","7.462345e-05","0.43987324315","0.000634","0.01450548906","8e-05","GO group size","22191","PolyDFE.input","0.00550406077700452","0.00134173227492817","0.243771340704268","GOterms","0","0","213","0.157924401117978","0.0313490833426966","2.54716775996739e-08","54021.3807616954"
"GOterms4","GOterms","GOterms4_GO.0003674_PolyDFE.output","1181057","0.358747669485378","0.272473812448233","0.160823097935764","0.207748121390625","0.000200206788811608","7.09195118842043e-06","0.24996557557","-198.62593016","0.00020729874","0.29627870079","0.001113","5.156145e-05","9e-05","GO group size","2813","PolyDFE.input","0.00463234346507711","0.00146457557675584","0.316162993482062","GOterms","0","0","108","0.131028170906667","0.03179499904","2.11335759526882e-08","54798.3866460596"
"GOterms5","GOterms","GOterms5_GO.0005515_PolyDFE.output","179616","0.499043949453849","0.137167575775887","0.0996875052789916","0.263618105051273","0.000443261493583091","3.96029464169168e-05","0.13931779802","-3181.5324992","0.00048286444","0.39986685525","0.002211","0.0029534268","0.00038","GO group size","1119","PolyDFE.input","0.00332864919378015","0.00119495104012674","0.358989779505632","GOterms","0","0","102","0.123045978661017","0.0291870441525424","1.98461255904866e-08","41930.7181470191"
"GOterms6","GOterms","GOterms6_GO.0003723_PolyDFE.output","101062","0.345703511127102","0.275709699526682","0.164083239100776","0.21433644310544","0.000152732951778756","1.43741882212556e-05","0.24792593416","-183.17679487","0.00016710714","0.40763067502","0.000921","0.00702604049","1e-04","GO group size","56094","PolyDFE.input","0.00487914711416449","0.0015404049126703","0.315711921905039","GOterms","0","0","170","0.148336830192593","0.0305222910148148","2.39252951923537e-08","50983.1443555587"
"GOterms7","GOterms","GOterms7_GO.0008150_PolyDFE.output","1184030","0.107425190934588","0.410783448968241","0.262062308913557","0.219579481663614","0.000146150175566295","3.41934443370828e-06","0.35073673352","-36.451960368","0.00014956952","0.26466842326","0.000723","2.576509e-05","0.00111","GO group size","30278","PolyDFE.input","0.00575232829828545","0.00231012764898757","0.401598714328618","GOterms","0","0","121","0.146364938796296","0.0431684157592593","2.3607248192951e-08","60916.9718900472"
"GOterms8","GOterms","GOterms8_GO.0003729_PolyDFE.output","37947","0.559294277300546","0.160032783872995","0.10214028864014","0.17837087256632","0.000151199882209574","1.05777377904515e-05","0.19669158359","-1932.4834868","0.00016177762","0.36663999957","0.001064","0.00011503962","8e-05","GO group size","135084","PolyDFE.input","0.004239792069355","0.00104889093859478","0.247392070515935","GOterms","0","0","178","0.143249615256198","0.0280046031157025","2.31047766542255e-08","45875.7093046776"
"GOterms9","GOterms","GOterms9_GO.0004674_PolyDFE.output","40387","0.500055077639859","0.166062332419889","0.111190641473738","0.222208930636515","0.000426145057846883","5.68727721531603e-05","0.17627775251","-1390.7552448","0.00048301783","0.46745641753","0.002694","0.00049724844","0.00049","GO group size","121123","PolyDFE.input","0.00505896213839603","0.00152823496270706","0.302084680790197","GOterms","0","0","132","0.148870792828125","0.0260326299375","2.40114181980847e-08","52672.4629159927"
"lengthpolcounts1","lengthpolcounts","lengthpolcounts1_153.286639676113_PolyDFE.output","153.286639676113","0.423589506479423","0.247093311408261","0.143477286785845","0.185681075916471","0.000121747081700763","3.70723282991925e-05","0.24924992563","-316.77275885","0.00015881941","0.68733390494","0.001163","0.00842952871","1e-04","Length","153.286639676113","PolyDFE.input","0.00845561468333842","0.00232006749135066","0.274381884491768","lengthpolcounts","34.127491825247","153.29854368932","1236","0.173531342262724","0.0373050676176066","2.79889261714071e-08","75526.4299133464"
"lengthpolcounts10","lengthpolcounts","lengthpolcounts10_499.056892778993_PolyDFE.output","499.056892778993","0.437488834282337","0.293104783511018","0.143875471183165","0.125463124513481","4.9188083133922e-05","1.85984268660233e-05","0.33314954877","-237.44484429","6.778651e-05","0.77322405061","0.000744","0.01010012589","0.00044","Length","499.056892778993","PolyDFE.input","0.00799181778042901","0.00164910338405702","0.206348972081855","lengthpolcounts","6.87661001376797","499.032751091703","458","0.16352082443662","0.0257716613568075","2.63743265220355e-08","75753.7616529462"
"lengthpolcounts11","lengthpolcounts","lengthpolcounts11_525.748373101952_PolyDFE.output","525.748373101952","0.431711696143544","0.295643931519354","0.145484629065339","0.127059401261763","9.29032188631274e-05","7.43879113684898e-06","0.33284047699","-229.72160864","0.00010034201","0.38433805563","0.000896","0.01893296995","9e-05","Length","525.748373101952","PolyDFE.input","0.00745109601083507","0.00160008803392316","0.214745324928893","lengthpolcounts","8.30306534278632","525.748373101952","461","0.159538408284483","0.0259507551034483","2.57320013362069e-08","72391.3378664293"
"lengthpolcounts12","lengthpolcounts","lengthpolcounts12_558.613995485327_PolyDFE.output","558.613995485327","0.502513641436702","0.229997445730869","0.125028258632908","0.142364748459521","8.09273645890896e-05","1.49783754108679e-05","0.27421926135","-488.50321139","9.590574e-05","0.53857305676","0.000844","0.00880041553","0.00045","Length","558.613995485327","PolyDFE.input","0.00712217267728091","0.00155192585235223","0.217900621435751","lengthpolcounts","11.7865529458048","558.521541950113","441","0.15582234271875","0.0259932155273437","2.5132635922379e-08","70845.8585410361"
"lengthpolcounts13","lengthpolcounts","lengthpolcounts13_598.383720930233_PolyDFE.output","598.383720930233","0.438407820195923","0.260836693103588","0.142264619709333","0.158430202891156","5.64454720717311e-05","4.21862792832073e-06","0.2790840741","-298.44411357","6.06641e-05","0.3751159835","0.000441","4.873107e-05","0.00067","Length","598.383720930233","PolyDFE.input","0.0072553545577068","0.00177628706461844","0.244824295007283","lengthpolcounts","10.8899343693955","598.202325581395","430","0.152224745476923","0.0260524800923077","2.45523783027295e-08","73876.2908041806"
"lengthpolcounts14","lengthpolcounts","lengthpolcounts14_639.268041237113_PolyDFE.output","639.268041237113","0.510198959844307","0.194208415806679","0.117865317936234","0.177495603312779","0.000183138866649002","4.85642333509784e-05","0.22135583075","-823.13429563","0.0002317031","0.63997153815","0.001746","0.00054552211","0.00127","Length","639.268041237113","PolyDFE.input","0.00706359982981435","0.00176563810952871","0.249962929960476","lengthpolcounts","12.520655438165","638.994832041344","387","0.158473141991701","0.0273410207261411","2.55601841922098e-08","69087.9198746851"
"lengthpolcounts15","lengthpolcounts","lengthpolcounts15_687.138020833333_PolyDFE.output","687.138020833333","0.338352851724101","0.313487911832788","0.171345823472192","0.176762158660919","4.87961852428942e-05","2.45812475707652e-06","0.29610539909","-147.93777785","5.125431e-05","0.3292288432","0.000324","8.345097e-05","9e-05","Length","687.138020833333","PolyDFE.input","0.00653090337692078","0.00187727587785295","0.287445054613265","lengthpolcounts","16.1821814209837","686.93023255814","387","0.1475178396","0.0261450117860465","2.37931999354839e-08","68621.5325663379"
"lengthpolcounts16","lengthpolcounts","lengthpolcounts16_750.475452196382_PolyDFE.output","750.475452196382","0.39503981047481","0.263596589669751","0.151924155690233","0.189323364955205","0.000103779980748953","1.2299229251056e-05","0.2566918707","-247.43627008","0.00011607921","0.44548664461","0.000737","0.0004171773","0.00042","Length","750.475452196382","PolyDFE.input","0.00581589531702039","0.0016695354255109","0.287064215310917","lengthpolcounts","19.9914824347139","750.475452196382","387","0.151712730391089","0.0306291238168317","2.44697952243692e-08","59419.1253307711"
"lengthpolcounts17","lengthpolcounts","lengthpolcounts17_825.815303430079_PolyDFE.output","825.815303430079","0.486391827549598","0.19861833652017","0.122618963649295","0.192247915340936","0.000109699327589086","1.32576124108885e-05","0.21447377604","-709.81689674","0.00012295694","0.44898169305","0.000779","0.00016283513","0.00021","Length","825.815303430079","PolyDFE.input","0.00550132140445274","0.00147875388844527","0.268799762771246","lengthpolcounts","25.3577011966489","825.68253968254","378","0.148084539419512","0.0253989809463415","2.38846031321794e-08","57582.2986675555"
"lengthpolcounts18","lengthpolcounts","lengthpolcounts18_929.159763313609_PolyDFE.output","929.159763313609","0.485101081930826","0.188484735904281","0.120131678344786","0.206154107320107","0.000121919903005474","6.47659699448688e-06","0.19956145008","-835.22803173","0.0001283965","0.33479214378","0.000719","0.00028149691","0.00047","Length","929.159763313609","PolyDFE.input","0.00518808786978424","0.00146585598505721","0.282542628777445","lengthpolcounts","36.0072723197923","929.002949852507","339","0.14047986113615","0.026463792056338","2.26580421187339e-08","57243.3381776474"
"lengthpolcounts19","lengthpolcounts","lengthpolcounts19_1084.24615384615_PolyDFE.output","1084.24615384615","0.433148812136869","0.241574654089452","0.140635720902249","0.18421449861143","0.000265065596788183","0.000161248663211766","0.24691150145","-345.6300955","0.00042631426","1.02856414338","0.003695","0.0062967903","0.00198","Length","1084.24615384615","PolyDFE.input","0.00471263119324274","0.0013151075680251","0.279060150073018","lengthpolcounts","64.2659191106229","1083.42414860681","323","0.133562795983871","0.0270688218655914","2.15423864490114e-08","54690.2174046158"
"lengthpolcounts2","lengthpolcounts","lengthpolcounts2_231.801317233809_PolyDFE.output","231.801317233809","0.47248354341962","0.227313207054962","0.130776483232124","0.169159001553294","0.000192748615924665","7.50161240753444e-05","0.24915327299","-461.40394878","0.00026776474","0.78591286952","0.002256","0.0026251376","0.00052","Length","231.801317233809","PolyDFE.input","0.0074385740841437","0.00190166161943182","0.255648676469521","lengthpolcounts","16.7032556801554","231.740944017563","911","0.168595090742424","0.0347203450991597","2.71927565713587e-08","68387.4588497818"
"lengthpolcounts20","lengthpolcounts","lengthpolcounts20_1719.33070866142_PolyDFE.output","1719.33070866142","0.444671487119257","0.191532879329387","0.126276106020312","0.237298206181044","0.000215218337130563","6.10301286940729e-06","0.18546806965","-669.3857579","0.00022132135","0.2784869017","0.001049","8.68867e-05","0.00042","Length","1719.33070866142","PolyDFE.input","0.00352618827907938","0.00118859262276417","0.337075768136378","lengthpolcounts","612.324903343725","1715.40625","256","0.11490066380137","0.0280402826643836","1.85323651292532e-08","47567.9743854349"
"lengthpolcounts3","lengthpolcounts","lengthpolcounts3_282.091836734694_PolyDFE.output","282.091836734694","0.428850723279646","0.281762723968823","0.146064845789807","0.143275579651723","4.51090071558191e-05","1.01830284415794e-06","0.30636554921","-248.26806606","4.612731e-05","0.26224226764","0.000347","2.634474e-05","0.00057","Length","282.091836734694","PolyDFE.input","0.00751396210658176","0.00177921772845175","0.236788222140922","lengthpolcounts","12.737801803883","281.998724489796","784","0.160913048705128","0.0298291175448718","2.59537175330852e-08","72378.4761952035"
"lengthpolcounts4","lengthpolcounts","lengthpolcounts4_320.845714285714_PolyDFE.output","320.845714285714","0.444584663184356","0.251774599985416","0.139912235783351","0.163700096176877","2.73712475513666e-05","1.03362244863181e-06","0.26894697124","-328.83008886","2.840487e-05","0.30179650071","0.000193","0.00688049544","0.00059","Length","320.845714285714","PolyDFE.input","0.00764836513366218","0.00190985643049304","0.249707799917571","lengthpolcounts","9.83594665001602","320.721030042918","699","0.165954924870813","0.0298038786555024","2.67669233662602e-08","71434.8547739987"
"lengthpolcounts5","lengthpolcounts","lengthpolcounts5_353.182094081942_PolyDFE.output","353.182094081942","0.412889690171245","0.297287836821818","0.150772603759646","0.139007906677291","3.63738904978206e-05","5.58867950217756e-06","0.32044609387","-214.02072205","4.196257e-05","0.49602313545","0.000364","0.01575190411","0.00016","Length","353.182094081942","PolyDFE.input","0.0073986760648653","0.00171610091048644","0.231947026122123","lengthpolcounts","8.65400185117611","353.090771558245","661","0.163721754678663","0.0316561554575835","2.64067346255908e-08","70045.3517802163"
"lengthpolcounts6","lengthpolcounts","lengthpolcounts6_381.163132137031_PolyDFE.output","381.163132137031","0.443198603860105","0.268233698874417","0.141749426984399","0.14675902276108","5.4737490271517e-05","4.51002972845505e-06","0.29446626763","-286.37010463","5.924752e-05","0.3882861557","0.000466","0.01662303247","9e-05","Length","381.163132137031","PolyDFE.input","0.00762281522252516","0.0018105617674874","0.237518779431679","lengthpolcounts","7.62142545344516","381.075286415712","611","0.164451850896552","0.0304121357902299","2.6524492080089e-08","71846.9480914898"
"lengthpolcounts7","lengthpolcounts","lengthpolcounts7_412.88785046729_PolyDFE.output","412.88785046729","0.448687573762993","0.252418841712119","0.13909816810824","0.159760463696648","3.36741280543285e-05","1.27859194565261e-06","0.27268403881","-331.62262355","3.495272e-05","0.30227581699","0.000243","0.00011148119","0.00062","Length","412.88785046729","PolyDFE.input","0.00624121347201953","0.0015601621562416","0.249977374309673","lengthpolcounts","11.0046137293855","412.711180124224","644","0.160640127332447","0.0291133378829787","2.59096979568463e-08","60220.8242876329"
"lengthpolcounts8","lengthpolcounts","lengthpolcounts8_447.870036101083_PolyDFE.output","447.870036101083","0.436406497633468","0.249474022574007","0.14131413036506","0.172730225147465","6.47614435963506e-05","1.03628364036545e-05","0.2602664431","-325.82676074","7.512428e-05","0.50481649831","0.000538","0.00239798893","0.00067","Length","447.870036101083","PolyDFE.input","0.00699056473077853","0.00181310327036526","0.259364348974898","lengthpolcounts","9.14832452843102","447.758122743682","554","0.165296608361905","0.0287693902952381","2.66607432841782e-08","65551.1050110807"
"lengthpolcounts9","lengthpolcounts","lengthpolcounts9_475.221095334686_PolyDFE.output","475.221095334686","0.50463688226841","0.215445077382875","0.122813951289663","0.157038307539052","6.30555164884417e-05","2.72600351158836e-06","0.25125776509","-588.96631586","6.578152e-05","0.31411945005","0.000472","0.01411357015","8e-05","Length","475.221095334686","PolyDFE.input","0.00732810177226004","0.00172272079417197","0.235084179738495","lengthpolcounts","7.09333688328031","475.145748987854","494","0.168116434966292","0.0310619868089888","2.71155540268213e-08","67563.6367692456"
"NetworkConnectivity20polcounts1","NetworkConnectivity20polcounts","NetworkConnectivity20polcounts1_1.10486891385768_PolyDFE.output","1.10486891385768","0.304151661997926","0.281130301029717","0.173534140005169","0.241050505557188","0.000122153730873653","1.12376791263635e-05","0.23673194612","-143.90596341","0.00013339141","0.40420120281","0.000655","0.00017046037","0.00027","Connectivity","1.10486891385768","PolyDFE.input","0.00648548279619693","0.00229462520214413","0.353809465578983","NetworkConnectivity20polcounts","0.306671719856582","1.10486891385768","534","0.165308371692308","0.0356513807762238","2.66626405955335e-08","60810.5822542138"
"NetworkConnectivity20polcounts10","NetworkConnectivity20polcounts","NetworkConnectivity20polcounts10_30.9454545454545_PolyDFE.output","30.9454545454545","0.442909388311044","0.2510081285964","0.140143785401121","0.165758800511435","0.000136862132284588","4.30350477154118e-05","0.26677281889","-329.07080638","0.00017989718","0.69911950581","0.001475","0.00297107841","0.00146","Connectivity","30.9454545454545","PolyDFE.input","0.0066083203462704","0.00166506040391684","0.251964238515853","NetworkConnectivity20polcounts","2.09781417209498","30.9336016096579","497","0.16067682852069","0.0310941785275862","2.59156175033371e-08","63748.436106331"
"NetworkConnectivity20polcounts11","NetworkConnectivity20polcounts","NetworkConnectivity20polcounts11_38.9885931558935_PolyDFE.output","38.9885931558935","0.464622269587199","0.250839615818057","0.13539099924135","0.149105661943393","4.01422268681006e-05","1.31118313184686e-06","0.28126351508","-354.12226412","4.145341e-05","0.28954955469","0.000306","0.00136617342","0.00017","Connectivity","38.9885931558935","PolyDFE.input","0.00658203177980711","0.00154091874415083","0.234109891246375","NetworkConnectivity20polcounts","2.56268417252852","38.9598470363289","523","0.158376525559172","0.0278603307248521","2.55446008966406e-08","64417.0543752037"
"NetworkConnectivity20polcounts12","NetworkConnectivity20polcounts","NetworkConnectivity20polcounts12_47.4549878345499_PolyDFE.output","47.4549878345499","0.42267797917003","0.300891722232601","0.14802377250914","0.128350817748228","4.9669945442643e-05","6.03839455737276e-06","0.33460908137","-216.62051344","5.570834e-05","0.4500466873","0.000509","0.00296031178","7e-05","Connectivity","47.4549878345499","PolyDFE.input","0.00780958872502429","0.00170917120530365","0.218855469280597","NetworkConnectivity20polcounts","2.32744914021088","47.390243902439","410","0.159257001959677","0.0254622236451613","2.56866132193027e-08","76008.3536349161"
"NetworkConnectivity20polcounts13","NetworkConnectivity20polcounts","NetworkConnectivity20polcounts13_56.8063872255489_PolyDFE.output","56.8063872255489","0.478980524635891","0.241381509021801","0.131279177988664","0.148219385943644","0.000127245406236209","1.21570037637797e-05","0.27605044227","-404.80866078","0.00013940241","0.40992689775","0.001103","0.0099545835","0.00034","Connectivity","56.8063872255489","PolyDFE.input","0.0063477931255266","0.00148597991678706","0.234093942162581","NetworkConnectivity20polcounts","3.17306906093597","56.7145708582834","501","0.160202725269737","0.024734763625","2.58391492370544e-08","61416.4292648577"
"NetworkConnectivity20polcounts14","NetworkConnectivity20polcounts","NetworkConnectivity20polcounts14_68.9823788546256_PolyDFE.output","68.9823788546256","0.552734775951916","0.181221086000751","0.108254687103901","0.157789450943432","0","0","0.22701675853","-1163.6231963","0","0","0","0.02991116532","9e-05","Connectivity","68.9823788546256","PolyDFE.input","0.00657334626255682","0.00148302054429204","0.225611200909899","NetworkConnectivity20polcounts","3.8037850305516","68.8835164835165","455","0.160331919205128","0.0268032857252747","2.5859986968569e-08","63547.4630221803"
"NetworkConnectivity20polcounts15","NetworkConnectivity20polcounts","NetworkConnectivity20polcounts15_83.2442105263158_PolyDFE.output","83.2442105263158","0.506904748509366","0.242961867179283","0.124856069982981","0.125158505948371","0.000109678149213366","9.13023078663588e-06","0.30114022979","-428.27260858","0.00011880838","0.38972361631","0.001092","0.01922672232","0.00013","Connectivity","83.2442105263158","PolyDFE.input","0.0067814479911456","0.00137609897637955","0.202921113333951","NetworkConnectivity20polcounts","4.76755351972765","83.1617647058823","476","0.154464476962406","0.0238380578233083","2.49136253165171e-08","68049.5903846807"
"NetworkConnectivity20polcounts16","NetworkConnectivity20polcounts","NetworkConnectivity20polcounts16_100.908888888889_PolyDFE.output","100.908888888889","0.493459225134178","0.214123876741784","0.124680823774836","0.167600736219202","0.000114682499489649","2.06556305103467e-05","0.24184237336","-580.46308826","0.00013533813","0.53197477828","0.001018","5.508761e-05","9e-05","Connectivity","100.908888888889","PolyDFE.input","0.0063024644283706","0.00153055701658636","0.242850560123203","NetworkConnectivity20polcounts","5.42990632789705","100.849223946785","451","0.155301961951852","0.0263076723851852","2.50487035406213e-08","62902.1020803526"
"NetworkConnectivity20polcounts17","NetworkConnectivity20polcounts","NetworkConnectivity20polcounts17_125.539094650206_PolyDFE.output","125.539094650206","0.502432110976934","0.26406190044039","0.126027311749664","0.107424887373013","5.17074697189424e-05","2.08199028106648e-06","0.33805216858","-347.46554895","5.378946e-05","0.30752641043","0.000545","1.948553e-05","8e-05","Connectivity","125.539094650206","PolyDFE.input","0.00620198115823488","0.00119488360094371","0.192661598037454","NetworkConnectivity20polcounts","8.84812241545611","125.346473029046","482","0.159108195058419","0.0221963191168385","2.56626121061966e-08","60418.4516814767"
"NetworkConnectivity20polcounts18","NetworkConnectivity20polcounts","NetworkConnectivity20polcounts18_166.315581854043_PolyDFE.output","166.315581854043","0.480767206902735","0.296775735723102","0.130148302692637","0.0922180194515261","8.40620564670491e-05","6.67317353297836e-06","0.38385169552","-259.71004957","9.073523e-05","0.38316375895","0.001092","0.01650926269","0.00042","Connectivity","166.315581854043","PolyDFE.input","0.00640962160995895","0.00111926264350931","0.174622265028915","NetworkConnectivity20polcounts","15.6309733720709","165.90373280943","509","0.149450942562701","0.0216304821543408","2.41049907359195e-08","66476.0845604453"
"NetworkConnectivity20polcounts19","NetworkConnectivity20polcounts","NetworkConnectivity20polcounts19_242.979245283019_PolyDFE.output","242.979245283019","0.562764484608552","0.229478473387622","0.11015286001965","0.0974091706141765","0.000147677265012525","4.73341049874731e-05","0.32912915567","-547.62713297","0.00019501137","0.70630108485","0.002668","0.0038649472","4e-04","Connectivity","242.979245283019","PolyDFE.input","0.0056383073179297","0.000931885101571223","0.165277458113687","NetworkConnectivity20polcounts","32.9033636689066","242.115094339623","530","0.147946244421245","0.0210092527326007","2.38622974872976e-08","59071.2956383505"
"NetworkConnectivity20polcounts2","NetworkConnectivity20polcounts","NetworkConnectivity20polcounts2_2.38919925512104_PolyDFE.output","2.38919925512104","0.361201540396898","0.278837091107706","0.161428975324956","0.19820367605044","0.000210588613293372","0.000118128506706672","0.25982677519","-193.54831176","0.00032871712","0.97711165631","0.002579","0.01441318575","0.00051","Connectivity","2.38919925512104","PolyDFE.input","0.0067636994272754","0.00199614191074831","0.295125756579105","NetworkConnectivity20polcounts","0.487595937732838","2.38733705772812","537","0.17078312406422","0.0408169681804281","2.75456651716484e-08","61386.2415840024"
"NetworkConnectivity20polcounts20","NetworkConnectivity20polcounts","NetworkConnectivity20polcounts20_484.82304526749_PolyDFE.output","484.82304526749","0.641959327197058","0.179667229810912","0.0899012457502761","0.0884038287017544","6.73341536544525e-05","1.03438634557751e-06","0.30491662061","-1242.7366865","6.836854e-05","0.23860059249","0.000822","5.981085e-05","1e-04","Connectivity","484.82304526749","PolyDFE.input","0.00534196606591237","0.000807482363435375","0.151158272716857","NetworkConnectivity20polcounts","157.701234392472","483.395918367347","490","0.145970320413979","0.0193510224032258","2.35436000667708e-08","56724.1846060319"
"NetworkConnectivity20polcounts3","NetworkConnectivity20polcounts","NetworkConnectivity20polcounts3_3.91528925619835_PolyDFE.output","3.91528925619835","0.353152906455171","0.289970008211297","0.164977736615975","0.191861081667557","3.80690492446378e-05","1.98000755347039e-07","0.27076450296","-175.75119742","3.826705e-05","0.18996694713","0.00021","0.01104521506","9e-05","Connectivity","3.91528925619835","PolyDFE.input","0.00730852156282624","0.00216969010771471","0.296871274041324","NetworkConnectivity20polcounts","0.636952465560947","3.91340206185567","485","0.17133408694636","0.0382122630804598","2.76345301526387e-08","66117.657170737"
"NetworkConnectivity20polcounts4","NetworkConnectivity20polcounts","NetworkConnectivity20polcounts4_5.86111111111111_PolyDFE.output","5.86111111111111","0.408264677923017","0.226669064116524","0.14170570083553","0.223278154064929","8.16047617058224e-05","7.98298294135691e-07","0.21383613918","-359.81284732","8.240306e-05","0.21566153376","0.000399","2.865013e-05","9e-05","Connectivity","5.86111111111111","PolyDFE.input","0.00624595824756301","0.0020270386154294","0.324536049567781","NetworkConnectivity20polcounts","0.754847221341347","5.85687732342007","538","0.164464473851393","0.0339551556408669","2.65265280405473e-08","58865.2069167864"
"NetworkConnectivity20polcounts5","NetworkConnectivity20polcounts","NetworkConnectivity20polcounts5_8.32780082987552_PolyDFE.output","8.32780082987552","0.393061299069636","0.272604391991198","0.153636734870712","0.180324080858454","0.00029174223381101","8.17509761890101e-05","0.26860286456","-230.77979478","0.00037349321","0.65823161538","0.002754","0.00300282975","0.00156","Connectivity","8.32780082987552","PolyDFE.input","0.00674696181737125","0.00188587862574195","0.279515236159544","NetworkConnectivity20polcounts","0.865390454204749","8.32231404958678","484","0.162166788231293","0.0357618633435374","2.61559335856924e-08","64487.8703647374"
"NetworkConnectivity20polcounts6","NetworkConnectivity20polcounts","NetworkConnectivity20polcounts6_11.3523622047244_PolyDFE.output","11.3523622047244","0.413419757774849","0.275213427794016","0.149380442690372","0.161825344730763","0.000106914224890065","5.41127851099166e-05","0.28500496338","-245.594607","0.00016102701","0.91700917217","0.001493","0.0212317507","7e-05","Connectivity","11.3523622047244","PolyDFE.input","0.00696928375933473","0.00173706885483057","0.249246395299076","NetworkConnectivity20polcounts","1.01880257990524","11.3491124260355","507","0.154783048953125","0.02931388514375","2.49650078956653e-08","69790.522282839"
"NetworkConnectivity20polcounts7","NetworkConnectivity20polcounts","NetworkConnectivity20polcounts7_14.5434343434343_PolyDFE.output","14.5434343434343","0.448146983646482","0.249794810152357","0.138896613876792","0.163066429434369","8.19925814182776e-05","1.31703085817225e-05","0.26824287409","-338.75312917","9.516289e-05","0.50565701031","0.00072","0.00504248805","0.00039","Connectivity","14.5434343434343","PolyDFE.input","0.00669151703330923","0.00165733332316067","0.24767676969374","NetworkConnectivity20polcounts","1.04345660298557","14.5284552845528","492","0.152737746176271","0.0316602436486486","2.46351203510115e-08","67906.2750451967"
"NetworkConnectivity20polcounts8","NetworkConnectivity20polcounts","NetworkConnectivity20polcounts8_18.579797979798_PolyDFE.output","18.579797979798","0.439964794700706","0.246273481413484","0.140126887537813","0.173574099877997","5.61182759934997e-05","4.61819400654484e-06","0.25763742202","-339.66474983","6.073647e-05","0.3881173043","0.000408","0.00030347314","0.00027","Connectivity","18.579797979798","PolyDFE.input","0.00694292681480382","0.00179518691772615","0.258563422258524","NetworkConnectivity20polcounts","1.36867226763956","18.5472837022133","497","0.158434142202572","0.0290023700578778","2.55538939036406e-08","67924.3527521129"
"NetworkConnectivity20polcounts9","NetworkConnectivity20polcounts","NetworkConnectivity20polcounts9_24.120527306968_PolyDFE.output","24.120527306968","0.471033519851104","0.213079161251096","0.128390411592803","0.187408454424996","8.41220269968135e-05","4.33085300322045e-06","0.22692126137","-546.58602078","8.845288e-05","0.33148744991","0.00054","2.290461e-05","0.00022","Connectivity","24.120527306968","PolyDFE.input","0.00609272226363495","0.0016968020978905","0.278496544642784","NetworkConnectivity20polcounts","1.87502554627212","24.0883458646617","532","0.160181295428994","0.0289529918017751","2.58356928111281e-08","58956.4435931312"
"RecombBrazierpolcounts1","RecombBrazierpolcounts","RecombBrazierpolcounts1_0.618937529769138_PolyDFE.output","0.618937529769138","0.486869545639346","0.198546122868258","0.122535175844094","0.191970934038301","7.52314521504927e-05","2.99015784954726e-06","0.21460167695","-711.84606747","7.822161e-05","0.30635192155","0.000462","8.829163e-05","9e-05","Recombination rate","0.618937529769138","PolyDFE.input","0.00521733145197371","0.00144319846686014","0.276616212741129","RecombBrazierpolcounts","0.650279727831808","1.14083611776214","495","0.159429460294326","0.0298553684468085","2.571442907973e-08","50723.772981668"
"RecombBrazierpolcounts10","RecombBrazierpolcounts","RecombBrazierpolcounts10_4.36846141516172_PolyDFE.output","4.36846141516172","0.494556872225864","0.224771678674961","0.126103982000877","0.154472789648297","8.54204332086939e-05","9.25701679133084e-06","0.2596104739","-508.66226173","9.467745e-05","0.43009013543","0.00073","0.00012328369","0.00116","Recombination rate","4.36846141516172","PolyDFE.input","0.00541168852161805","0.00126806900281203","0.234320396997441","RecombBrazierpolcounts","0.0518459859646647","4.38962494927102","630","0.144963321683805","0.0280343788457584","2.33811809167427e-08","57863.7210507924"
"RecombBrazierpolcounts11","RecombBrazierpolcounts","RecombBrazierpolcounts11_4.52618219082415_PolyDFE.output","4.52618219082415","0.402736756661642","0.283593329824286","0.152689992053079","0.160928943030994","4.85834021415332e-05","2.39502785848167e-06","0.29091113294","-223.63947643","5.097843e-05","0.32701029076","0.000354","0.00029358347","9e-05","Recombination rate","4.52618219082415","PolyDFE.input","0.00588888466121581","0.00152752308607944","0.259390898948947","RecombBrazierpolcounts","0.0448084757865552","4.54773117990573","600","0.154240788558209","0.0282278766298507","2.48775465416466e-08","59178.7121306098"
"RecombBrazierpolcounts12","RecombBrazierpolcounts","RecombBrazierpolcounts12_4.7314133039019_PolyDFE.output","4.7314133039019","0.492930394264118","0.218891469290098","0.125579165945176","0.162524836030608","6.92610640795621e-05","4.87340592048024e-06","0.24898547525","-544.59711903","7.413447e-05","0.36736511339","0.000528","0.02325878117","8e-05","Recombination rate","4.7314133039019","PolyDFE.input","0.00662383933095032","0.00156956366502695","0.236956783914287","RecombBrazierpolcounts","0.0799157520308865","4.77213889962867","492","0.162915575530249","0.0289284014448399","2.62767057306853e-08","63020.0699322742"
"RecombBrazierpolcounts13","RecombBrazierpolcounts","RecombBrazierpolcounts13_5.01796882521401_PolyDFE.output","5.01796882521401","0.43651483989253","0.261007110162229","0.14270773848164","0.159704777873601","5.68151232031022e-05","8.71846679695309e-06","0.27807914749","-296.08522168","6.553359e-05","0.49575646368","0.000503","0.00384129331","8e-05","Recombination rate","5.01796882521401","PolyDFE.input","0.00656904409670217","0.0016186274761789","0.246402285073942","RecombBrazierpolcounts","0.101014146458527","5.05977255120125","544","0.161162551375385","0.0298896866","2.59939598992556e-08","63178.5626561103"
"RecombBrazierpolcounts14","RecombBrazierpolcounts","RecombBrazierpolcounts14_5.37575537173418_PolyDFE.output","5.37575537173418","0.417187013354795","0.266901850744232","0.147675226563205","0.168179245667769","5.13940176277705e-05","5.26965237224175e-06","0.2745888721","-263.95756459","5.666367e-05","0.42102269593","0.000398","0.00189141725","1e-04","Recombination rate","5.37575537173418","PolyDFE.input","0.00674401476734093","0.00178835146531585","0.265176089764253","RecombBrazierpolcounts","0.0823297340260868","5.40832798885085","514","0.160625559490506","0.0314649706107595","2.59073483049203e-08","65078.2037587007"
"RecombBrazierpolcounts15","RecombBrazierpolcounts","RecombBrazierpolcounts15_5.61329433495408_PolyDFE.output","5.61329433495408","0.466489443837436","0.244818400405165","0.134353128973223","0.154133874594176","0.000153308134447472","5.18440555524746e-05","0.27283403476","-376.76395112","0.00020515219","0.72700211707","0.00183","0.00396170196","0.00047","Recombination rate","5.61329433495408","PolyDFE.input","0.0080715454572127","0.00193280915340574","0.239459613236594","RecombBrazierpolcounts","0.0486018282715154","5.63299748604586","446","0.160857219930909","0.02723737352","2.59447128920821e-08","77776.3998660013"
"RecombBrazierpolcounts16","RecombBrazierpolcounts","RecombBrazierpolcounts16_5.87062050804278_PolyDFE.output","5.87062050804278","0.46984091198409","0.233285677812907","0.132242135313757","0.164583808759245","4.58737878541449e-05","1.59234214580639e-06","0.25659240453","-428.2534225","4.746613e-05","0.29456725858","0.000321","0.00611768604","0.00028","Recombination rate","5.87062050804278","PolyDFE.input","0.00673291467815933","0.00165221438107953","0.245393631147458","RecombBrazierpolcounts","0.103336625481764","5.89301433614163","522","0.166073658873846","0.0326863499538462","2.67860740119106e-08","62839.6930730263"
"RecombBrazierpolcounts17","RecombBrazierpolcounts","RecombBrazierpolcounts17_6.21284989752896_PolyDFE.output","6.21284989752896","0.424980990408121","0.245783990738997","0.142977270958451","0.186072341644431","0.000160790988407267","2.46152615926976e-05","0.24817725754","-322.20931467","0.00018540625","0.49524987939","0.001231","0.00795649098","0.00058","Recombination rate","6.21284989752896","PolyDFE.input","0.00719852913515344","0.00201011562694866","0.279239770959934","RecombBrazierpolcounts","0.109351897943386","6.22701652406323","493","0.166504381657143","0.0307013242821429","2.68555454285715e-08","67011.5707973572"
"RecombBrazierpolcounts18","RecombBrazierpolcounts","RecombBrazierpolcounts18_6.79768868986819_PolyDFE.output","6.79768868986819","0.406800977839107","0.308268914665763","0.152537469645643","0.132356626249487","3.41263436778316e-05","1.88525632216496e-06","0.33459163953","-197.65480357","3.60116e-05","0.33900864115","0.000302","0.0051689636","7e-05","Recombination rate","6.79768868986819","PolyDFE.input","0.00673947913593821","0.00161394345343445","0.239475992265947","RecombBrazierpolcounts","0.167308665340539","6.81221972307794","481","0.161912802540441","0.0290561113051471","2.6114968151684e-08","64517.3976165046"
"RecombBrazierpolcounts19","RecombBrazierpolcounts","RecombBrazierpolcounts19_7.27111743467484_PolyDFE.output","7.27111743467484","0.230559947450528","0.439200987874591","0.206264890799881","0.123935269725","3.39319192745879e-05","4.97223072537523e-06","0.43270394932","-71.039650035","3.890415e-05","0.48608996422","0.00036","0.01989596092","9e-05","Recombination rate","7.27111743467484","PolyDFE.input","0.00927987946654088","0.00230803451575865","0.248713846346862","RecombBrazierpolcounts","0.119903868201789","7.27915349059333","438","0.159863505896552","0.0314785363562232","2.57844364349277e-08","89975.5894409457"
"RecombBrazierpolcounts2","RecombBrazierpolcounts","RecombBrazierpolcounts2_2.15463947134917_PolyDFE.output","2.15463947134917","0.386463029219268","0.300056516862141","0.157922063086568","0.155490949042024","5.84470389933811e-05","8.99475100657465e-06","0.30586879994","-191.64827667","6.744179e-05","0.49637061999","0.000526","3.759543e-05","9e-05","Recombination rate","2.15463947134917","PolyDFE.input","0.00904188597752626","0.0022918386084997","0.253469089766903","RecombBrazierpolcounts","0.178558498771227","2.29752717690925","409","0.160506960376812","0.0305178926714976","2.58882194156148e-08","87316.6075306875"
"RecombBrazierpolcounts20","RecombBrazierpolcounts","RecombBrazierpolcounts20_9.0292257339148_PolyDFE.output","9.0292257339148","0.516388334153849","0.18519112227209","0.114806401298298","0.183458076235763","0.000141525213301796","1.45408266981617e-05","0.21121085531","-984.52746475","0.00015606604","0.42135087283","0.001023","0.00018917291","8e-05","Recombination rate","9.0292257339148","PolyDFE.input","0.00778704018921001","0.00198183059301777","0.254503706782439","RecombBrazierpolcounts","1.43459946728144","9.0326727766676","460","0.165403640823944","0.031886391834507","2.66780065845071e-08","72972.4704556096"
"RecombBrazierpolcounts3","RecombBrazierpolcounts","RecombBrazierpolcounts3_2.69211460470759_PolyDFE.output","2.69211460470759","0.507977966459137","0.204327389551609","0.120292607552567","0.167100459386688","0.000226048218750274","7.55288312497271e-05","0.23575107787","-695.92318821","0.00030157705","0.72227662959","0.002502","0.00778087923","0.00037","Recombination rate","2.69211460470759","PolyDFE.input","0.00671584590523744","0.00163820943661561","0.243931957303849","RecombBrazierpolcounts","0.0931485774946355","2.76139588797577","480","0.168760389682657","0.0358856228929889","2.72194176907511e-08","61682.4906169779"
"RecombBrazierpolcounts4","RecombBrazierpolcounts","RecombBrazierpolcounts4_3.08538998819608_PolyDFE.output","3.08538998819608","0.445524175005739","0.226857246139592","0.135568259539391","0.191567816805278","0.000256572856520365","0.000225929653479673","0.2328136777","-420.95245963","0.00048250251","1.31793555866","0.004584","0.0123279779","0.00016","Recombination rate","3.08538998819608","PolyDFE.input","0.00647400775549911","0.00174144080088379","0.268989606848182","RecombBrazierpolcounts","0.103777300561442","3.15017059242631","593","0.160543660852507","0.0278994788613569","2.58941388471785e-08","62504.5670924535"
"RecombBrazierpolcounts5","RecombBrazierpolcounts","RecombBrazierpolcounts5_3.34856303032097_PolyDFE.output","3.34856303032097","0.420631914761503","0.263716635695944","0.146536126727487","0.169045642555066","6.3539451614858e-05","6.14080838512443e-06","0.27193647502","-273.75198026","6.968026e-05","0.41169872024","0.000485","2.319849e-05","1e-04","Recombination rate","3.34856303032097","PolyDFE.input","0.00504135848267806","0.00130508785774831","0.258876225968169","RecombBrazierpolcounts","0.0692768873215513","3.39257825499702","636","0.157568052811209","0.0311922268967552","2.5414202066324e-08","49591.9414420479"
"RecombBrazierpolcounts6","RecombBrazierpolcounts","RecombBrazierpolcounts6_3.56642557750398_PolyDFE.output","3.56642557750398","0.494003038866891","0.204281369939506","0.122677612252534","0.178802957121068","0.000174767608945192","6.02542110548221e-05","0.22713050691","-667.83869627","0.00023502182","0.7346966915","0.001839","0.0030777201","0.00059","Recombination rate","3.56642557750398","PolyDFE.input","0.00585879372006801","0.00151627454883759","0.258803197600886","RecombBrazierpolcounts","0.0457930628807051","3.59602405667625","516","0.166766276352941","0.0306505423051471","2.68977865085389e-08","54454.2365801002"
"RecombBrazierpolcounts7","RecombBrazierpolcounts","RecombBrazierpolcounts7_3.74384147142607_PolyDFE.output","3.74384147142607","0.395476400720775","0.276871847338151","0.153697716395248","0.173845235985826","9.13483350288846e-05","1.7451224971099e-05","0.27613314265","-226.73048631","0.00010879956","0.54641899131","0.000787","0.00121758983","0.00121","Recombination rate","3.74384147142607","PolyDFE.input","0.00640104227411891","0.00169138273494354","0.264235520171807","RecombBrazierpolcounts","0.0646335693511818","3.77785511877668","541","0.153068831616099","0.0291040405170279","2.46885212284031e-08","64817.9999816554"
"RecombBrazierpolcounts8","RecombBrazierpolcounts","RecombBrazierpolcounts8_3.96333691891524_PolyDFE.output","3.96333691891524","0.473971572249054","0.239359815212351","0.132172994501102","0.154451812617494","4.14846171071792e-05","2.32080289286341e-06","0.26906778659","-407.11172167","4.380542e-05","0.3403856296","0.000322","0.00825719406","0.00041","Recombination rate","3.96333691891524","PolyDFE.input","0.00636384687803693","0.00150808427108376","0.236976831778983","RecombBrazierpolcounts","0.0581517214270391","4.00281702920055","567","0.156921525589532","0.0273040194352617","2.53099234821826e-08","62859.2070074499"
"RecombBrazierpolcounts9","RecombBrazierpolcounts","RecombBrazierpolcounts9_4.16758928577597_PolyDFE.output","4.16758928577597","0.468430686007164","0.22131137428217","0.130504633950333","0.179661928910333","8.46282568417456e-05","6.74859315830112e-06","0.23750338107","-488.36954202","9.137685e-05","0.3837802048","0.000596","4.286884e-05","9e-05","Recombination rate","4.16758928577597","PolyDFE.input","0.0054944648947112","0.00143824512829997","0.261762547556611","RecombBrazierpolcounts","0.0650285490800238","4.20212590979518","539","0.168628551056478","0.0320625855348837","2.71981533962061e-08","50504.0251692016"
"SIFTpolcounts1","SIFTpolcounts","SIFTpolcounts1_0.4364329143319_PolyDFE.output","0.4364329143319","0.375876638044894","0.349066244301683","0.160249541628521","0.114721377084901","6.81308836970596e-05","1.8068056302889e-05","0.38239269889","-149.68705016","8.619894e-05","0.63999494285","0.000951","0.01776189763","0.00059","SIFT score","0.4364329143319","PolyDFE.input","0.00755300771358708","0.00159849123749688","0.211636383559011","SIFTpolcounts","0.0121691430788147","0.4364329143319","545","0.162895554637131","0.0298756719367089","2.6273476554376e-08","71869.1310032312"
"SIFTpolcounts10","SIFTpolcounts","SIFTpolcounts10_0.486846579669452_PolyDFE.output","0.486846579669452","0.459103296072622","0.232466589455807","0.13419142235041","0.174087493111161","0.000119793705885773","3.14053041142737e-05","0.24864020979","-416.62490398","0.00015119901","0.63628607793","0.001151","0.00202756887","0.00027","SIFT score","0.486846579669452","PolyDFE.input","0.00645699488946517","0.00166445237147804","0.257775079579768","SIFTpolcounts","0.000783649780137113","0.486833680192408","529","0.157093424068592","0.0270515708519856","2.53376490433213e-08","63709.49094789"
"SIFTpolcounts11","SIFTpolcounts","SIFTpolcounts11_0.489596109977427_PolyDFE.output","0.489596109977427","0.417586398179493","0.268831361780375","0.147797824814161","0.165711518475971","6.57767552753041e-05","7.11999472469138e-06","0.27780145814","-260.70532127","7.289675e-05","0.42989727995","0.000521","0.00055731996","9e-05","SIFT score","0.489596109977427","PolyDFE.input","0.00652414849795555","0.00168485562504972","0.258249122560239","SIFTpolcounts","0.000810852250030626","0.48957721046158","511","0.158021332861538","0.0296204305230769","2.5487311751861e-08","63994.0822464259"
"SIFTpolcounts12","SIFTpolcounts","SIFTpolcounts12_0.492375745290241_PolyDFE.output","0.492375745290241","0.506314515223867","0.214814191575402","0.122380710651412","0.15633760283932","0.00012612092301878","2.68587869811654e-05","0.25143274188","-596.61101895","0.00015297971","0.57480769542","0.001257","0.02253261056","1e-04","SIFT score","0.492375745290241","PolyDFE.input","0.00666282389693442","0.00158246386682433","0.237506482431935","SIFTpolcounts","0.000776136361895695","0.49236762330007","516","0.15888940779868","0.0271656582178218","2.56273238384968e-08","64997.265603341"
"SIFTpolcounts13","SIFTpolcounts","SIFTpolcounts13_0.495241346549886_PolyDFE.output","0.495241346549886","0.438727977166508","0.26820868842048","0.142832057288249","0.150197629764764","3.27364454081325e-05","9.10914591867318e-07","0.29115607184","-282.23189013","3.364736e-05","0.27706658353","0.000244","5.381221e-05","8e-05","SIFT score","0.495241346549886","PolyDFE.input","0.00667518205808985","0.00164543020157497","0.246499674054705","SIFTpolcounts","0.000871831282031995","0.495232794737108","520","0.156724086060703","0.0267479554249201","2.52780783968876e-08","66017.4989696976"
"SIFTpolcounts14","SIFTpolcounts","SIFTpolcounts14_0.498287717057725_PolyDFE.output","0.498287717057725","0.430010879371729","0.261505745714528","0.144221936365635","0.164237017238108","2.40553008143962e-05","3.66009185626126e-07","0.27452684289","-288.20099129","2.442131e-05","0.23806389526","0.00016","0.00385130311","0.00072","SIFT score","0.498287717057725","PolyDFE.input","0.00683143283167907","0.00170031494027135","0.248895800070896","SIFTpolcounts","0.000934128787039819","0.498262740398334","574","0.163113967213158","0.0316382249578947","2.6308704389219e-08","64916.0894680783"
"SIFTpolcounts15","SIFTpolcounts","SIFTpolcounts15_0.501548891951852_PolyDFE.output","0.501548891951852","0.478650500922273","0.222003995620968","0.12876891179287","0.170483541693889","8.88483484825509e-05","4.2016215174856e-06","0.24473012491","-501.22786155","9.304997e-05","0.32282368617","0.000618","3.678621e-05","0.00031","SIFT score","0.501548891951852","PolyDFE.input","0.00634702898247474","0.00160241710898825","0.252467274596163","SIFTpolcounts","0.000983465256469559","0.501519914652599","581","0.16210226420442","0.0307127210138122","2.61455264845839e-08","60689.4355925202"
"SIFTpolcounts16","SIFTpolcounts","SIFTpolcounts16_0.50488483613066_PolyDFE.output","0.50488483613066","0.40283198260388","0.260495515470398","0.149842967111477","0.186761341344244","6.27155641562682e-05","5.47790584370933e-06","0.2566146741","-261.43334382","6.819347e-05","0.3965695261","0.000428","0.00717933038","0.00016","SIFT score","0.50488483613066","PolyDFE.input","0.00632461100740148","0.0018275430651587","0.288957386157028","SIFTpolcounts","0.000944813268871983","0.504867468596312","557","0.156670777529745","0.029051041266289","2.52694802467331e-08","62571.6372640782"
"SIFTpolcounts17","SIFTpolcounts","SIFTpolcounts17_0.508438579626019_PolyDFE.output","0.508438579626019","0.496355108925286","0.195561834133265","0.120352047247517","0.187571493983932","0.000136413208552399","2.31025014475472e-05","0.2154696103","-770.90717645","0.00015951571","0.5175443623","0.001072","0.0091472686","0.00051","SIFT score","0.508438579626019","PolyDFE.input","0.0067010820926038","0.00172356411075369","0.257206834200113","SIFTpolcounts","0.00115651581947888","0.508419429100965","527","0.156900420155367","0.0298857876327684","2.53065193798979e-08","66199.1678113464"
"SIFTpolcounts18","SIFTpolcounts","SIFTpolcounts18_0.512905795087584_PolyDFE.output","0.512905795087584","0.414919270170204","0.25454629944583","0.146442368584256","0.184015034819711","7.07727111614043e-05","6.25426883860136e-06","0.25496517572","-287.51103715","7.702698e-05","0.39826491821","0.000491","0.00011110066","0.00063","SIFT score","0.512905795087584","PolyDFE.input","0.00613470724955383","0.00169979862146834","0.277079011649979","SIFTpolcounts","0.00139302760048523","0.512865182313018","562","0.155581858873684","0.0324102032","2.50938482054329e-08","61117.6412574462"
"SIFTpolcounts19","SIFTpolcounts","SIFTpolcounts19_0.519139704468283_PolyDFE.output","0.519139704468283","0.393946010563388","0.22865622470228","0.144428849766488","0.232792764087844","0.000166943222083882","9.20765791612155e-06","0.2100592228","-329.3963618","0.00017615088","0.33883311656","0.000873","0.00388884354","0.00083","SIFT score","0.519139704468283","PolyDFE.input","0.00561599952311407","0.00179879430625693","0.320298158654313","SIFTpolcounts","0.00221768150511012","0.519085428669646","643","0.161330763269397","0.033905479674569","2.60210908499027e-08","53956.2268498734"
"SIFTpolcounts2","SIFTpolcounts","SIFTpolcounts2_0.453892483722793_PolyDFE.output","0.453892483722793","0.451089163535282","0.288848367115001","0.140023906818992","0.119887648860725","8.87011664942872e-05","6.22125035056875e-05","0.33735849032","-253.83803236","0.00015091367","1.1284746357","0.002041","0.01912883841","7e-05","SIFT score","0.453892483722793","PolyDFE.input","0.00752815626552476","0.00152194147426729","0.202166562513724","SIFTpolcounts","0.00287403399445054","0.453892483722793","532","0.166032941828685","0.0290001137091633","2.67795067465621e-08","70279.0788565515"
"SIFTpolcounts20","SIFTpolcounts","SIFTpolcounts20_0.533215851691348_PolyDFE.output","0.533215851691348","0.359485203258499","0.257030175983531","0.157398699530069","0.225959503687901","0.000124630298371398","1.78724162858135e-06","0.23033835797","-220.09582535","0.00012641754","0.23480148776","0.000609","6.685908e-05","1e-04","SIFT score","0.533215851691348","PolyDFE.input","0.00544309252494941","0.00179877795820515","0.330469847786001","SIFTpolcounts","0.0091547000123682","0.533192868665499","656","0.163269700867589","0.0397768156620553","2.63338227205789e-08","51673.968708461"
"SIFTpolcounts3","SIFTpolcounts","SIFTpolcounts3_0.461544169381057_PolyDFE.output","0.461544169381057","0.499132716080979","0.23355431031995","0.126100095683422","0.141113704935648","8.77513255587159e-05","1.14216544412349e-05","0.27779669865","-465.06478408","9.917298e-05","0.46267282166","0.000846","0.00208775788","0.00041","SIFT score","0.461544169381057","PolyDFE.input","0.00627668936662099","0.00138896821579537","0.221289940391476","SIFTpolcounts","0.00170764982260336","0.461538706001591","523","0.161359195736","0.027752786984","2.60256767316129e-08","60293.2387824983"
"SIFTpolcounts4","SIFTpolcounts","SIFTpolcounts4_0.466839387183636_PolyDFE.output","0.466839387183636","0.479627652900549","0.22667307652029","0.129343225275753","0.164322144603407","3.33711545906779e-05","5.29545409300169e-07","0.25257465901","-475.72823205","3.39007e-05","0.24043246943","0.000224","2.428068e-05","9e-05","SIFT score","0.466839387183636","PolyDFE.input","0.00644204727418898","0.0015891504715781","0.246684074788657","SIFTpolcounts","0.00139021340237029","0.466834442213368","493","0.160938373716667","0.0271720276875","2.59578022123656e-08","62043.4582778367"
"SIFTpolcounts5","SIFTpolcounts","SIFTpolcounts5_0.471204426921412_PolyDFE.output","0.471204426921412","0.538724118318228","0.186113239519792","0.111542345331825","0.163527500000155","8.72447470869897e-05","5.55208291297404e-06","0.22601086624","-1025.829696","9.279683e-05","0.35508345897","0.000657","0.00013030511","0.00039","SIFT score","0.471204426921412","PolyDFE.input","0.00653185504845957","0.00152454021237482","0.23340080284457","SIFTpolcounts","0.00114239024692055","0.471197086622952","518","0.163066591909091","0.0281217434472727","2.63010632111437e-08","62087.3669252659"
"SIFTpolcounts6","SIFTpolcounts","SIFTpolcounts6_0.474770819109106_PolyDFE.output","0.474770819109106","0.44300069414232","0.248148365114634","0.13975280222754","0.168936174775506","0.000133160451555314","2.88032884446787e-05","0.26242906933","-337.62690332","0.00016196374","0.57907805344","0.00123","0.00162382071","0.00046","SIFT score","0.474770819109106","PolyDFE.input","0.00708698922815501","0.00181720124162453","0.256413715771601","SIFTpolcounts","0.000892032843300809","0.474763641286319","464","0.163135367034632","0.0285408500603448","2.63121559733277e-08","67335.694909788"
"SIFTpolcounts7","SIFTpolcounts","SIFTpolcounts7_0.477644894767572_PolyDFE.output","0.477644894767572","0.429004835008647","0.259666046148819","0.144214416791686","0.167018509340848","7.8165738635283e-05","1.80269713647707e-05","0.2710953221","-291.31542141","9.619271e-05","0.5971987094","0.000744","0.00577382131","9e-05","SIFT score","0.477644894767572","PolyDFE.input","0.00666336280201035","0.00173226250576862","0.259968210832823","SIFTpolcounts","0.000806622985539121","0.477644894767572","491","0.157265783034749","0.0275466853011583","2.53654488765724e-08","65673.6140806544"
"SIFTpolcounts8","SIFTpolcounts","SIFTpolcounts8_0.480804174860407_PolyDFE.output","0.480804174860407","0.477825649702983","0.253618452441539","0.132477259810523","0.136007737794955","6.04305996496635e-05","1.04696503503421e-05","0.29609195514","-358.89757596","7.090025e-05","0.52279563294","0.000643","0.00791804678","0.00052","SIFT score","0.480804174860407","PolyDFE.input","0.00685520325176794","0.0015101390788083","0.220290926956664","SIFTpolcounts","0.00095998131921481","0.480801121350523","520","0.160900693517986","0.0257689394676259","2.59517247609655e-08","66038.0313342313"
"SIFTpolcounts9","SIFTpolcounts","SIFTpolcounts9_0.483970673407546_PolyDFE.output","0.483970673407546","0.417263964867801","0.269230179845053","0.147918172078908","0.165535592768238","4.86334179897741e-05","3.45702201021147e-06","0.27819168795","-259.65507386","5.209044e-05","0.36865354931","0.000361","0.00042070864","8e-05","SIFT score","0.483970673407546","PolyDFE.input","0.00646912560567988","0.00169027061647047","0.261282701789931","SIFTpolcounts","0.000895470040317571","0.483965002163989","550","0.154400175018051","0.0275732713285199","2.49032540351695e-08","64942.5733334275"
